factor_price_irr_per_iu,price_reduction_percent,mean_inmb_billion_irr,probability_cost_effective
2000.0,96.55172413793103,3.0489871538483952,1.0
2500.0,95.6896551724138,2.76024952678047,0.996
3000.0,94.82758620689656,2.471511899712545,0.9884
3500.0,93.96551724137932,2.1827742726446195,0.97
4000.0,93.10344827586206,1.8940366455766942,0.9284
4500.0,92.24137931034483,1.605299018508769,0.8736
5000.0,91.37931034482759,1.3165613914408438,0.7972
5500.0,90.51724137931035,1.0278237643729187,0.718
6000.0,89.65517241379311,0.7390861373049934,0.6344
6500.0,88.79310344827587,0.450348510237068,0.5528
7000.0,87.93103448275862,0.16161088316914257,0.464
7500.0,87.06896551724138,-0.1271267438987828,0.4008
8000.0,86.20689655172413,-0.4158643709667077,0.338
8500.0,85.34482758620689,-0.7046019980346325,0.2784
9000.0,84.48275862068965,-0.9933396251025586,0.2344
9500.0,83.62068965517241,-1.2820772521704833,0.1864
10000.0,82.75862068965517,-1.5708148792384093,0.152
10500.0,81.89655172413794,-1.8595525063063343,0.122
11000.0,81.03448275862068,-2.148290133374259,0.0988
11500.0,80.17241379310344,-2.437027760442185,0.0796
12000.0,79.3103448275862,-2.72576538751011,0.06
12500.0,78.44827586206897,-3.0145030145780347,0.048
13000.0,77.58620689655173,-3.3032406416459605,0.038
13500.0,76.72413793103449,-3.591978268713886,0.0296
14000.0,75.86206896551724,-3.8807158957818118,0.0236
14500.0,75.0,-4.169453522849736,0.02
15000.0,74.13793103448276,-4.4581911499176625,0.0164
15500.0,73.27586206896552,-4.746928776985587,0.012
16000.0,72.41379310344827,-5.035666404053512,0.0088
16500.0,71.55172413793103,-5.324404031121438,0.0068
17000.0,70.6896551724138,-5.613141658189362,0.0044
17500.0,69.82758620689656,-5.901879285257287,0.0036
18000.0,68.96551724137932,-6.190616912325215,0.0028
18500.0,68.10344827586206,-6.479354539393139,0.0016
19000.0,67.24137931034483,-6.768092166461064,0.0008
19500.0,66.37931034482759,-7.056829793528989,0.0004
20000.0,65.51724137931035,-7.3455674205969155,0.0004
20500.0,64.65517241379311,-7.634305047664839,0.0004
21000.0,63.793103448275865,-7.923042674732765,0.0004
21500.0,62.93103448275862,-8.21178030180069,0.0
22000.0,62.06896551724138,-8.500517928868614,0.0
22500.0,61.206896551724135,-8.78925555593654,0.0
23000.0,60.3448275862069,-9.077993183004468,0.0
23500.0,59.48275862068966,-9.366730810072392,0.0
24000.0,58.62068965517242,-9.655468437140316,0.0
24500.0,57.758620689655174,-9.94420606420824,0.0
25000.0,56.896551724137936,-10.232943691276166,0.0
25500.0,56.03448275862068,-10.521681318344092,0.0
26000.0,55.172413793103445,-10.810418945412017,0.0
26500.0,54.310344827586206,-11.099156572479945,0.0
27000.0,53.448275862068975,-11.387894199547867,0.0
27500.0,52.58620689655172,-11.676631826615793,0.0
28000.0,51.72413793103448,-11.965369453683719,0.0
28500.0,50.86206896551724,-12.254107080751645,0.0
29000.0,50.0,-12.542844707819569,0.0
29500.0,49.13793103448276,-12.831582334887493,0.0
30000.0,48.275862068965516,-13.120319961955419,0.0
30500.0,47.41379310344828,-13.409057589023346,0.0
31000.0,46.55172413793104,-13.697795216091269,0.0
31500.0,45.689655172413794,-13.986532843159196,0.0
32000.0,44.827586206896555,-14.275270470227122,0.0
32500.0,43.96551724137932,-14.564008097295044,0.0
33000.0,43.103448275862064,-14.852745724362972,0.0
33500.0,42.241379310344826,-15.141483351430892,0.0
34000.0,41.379310344827594,-15.43022097849882,0.0
34500.0,40.51724137931034,-15.71895860556675,0.0
35000.0,39.6551724137931,-16.00769623263467,0.0
35500.0,38.793103448275865,-16.296433859702592,0.0
36000.0,37.93103448275862,-16.585171486770523,0.0
36500.0,37.06896551724138,-16.873909113838447,0.0
37000.0,36.206896551724135,-17.162646740906375,0.0
37500.0,35.3448275862069,-17.4513843679743,0.0
38000.0,34.48275862068966,-17.740121995042227,0.0
38500.0,33.620689655172406,-18.02885962211015,0.0
39000.0,32.758620689655174,-18.317597249178075,0.0
39500.0,31.896551724137932,-18.606334876246,0.0
40000.0,31.034482758620683,-18.895072503313926,0.0
40500.0,30.17241379310345,-19.18381013038185,0.0
41000.0,29.31034482758621,-19.472547757449775,0.0
41500.0,28.44827586206896,-19.761285384517706,0.0
42000.0,27.586206896551722,-20.050023011585626,0.0
42500.0,26.724137931034488,-20.33876063865355,0.0
43000.0,25.86206896551724,-20.62749826572148,0.0
43500.0,25.0,-20.9162358927894,0.0
44000.0,24.13793103448276,-21.204973519857326,0.0
44500.0,23.275862068965512,-21.493711146925254,0.0
45000.0,22.413793103448278,-21.782448773993178,0.0
45500.0,21.55172413793104,-22.0711864010611,0.0
46000.0,20.68965517241379,-22.359924028129033,0.0
46500.0,19.82758620689655,-22.648661655196953,0.0
47000.0,18.965517241379317,-22.937399282264877,0.0
47500.0,18.103448275862068,-23.2261369093328,0.0
48000.0,17.24137931034483,-23.514874536400725,0.0
48500.0,16.37931034482759,-23.80361216346865,0.0
49000.0,15.517241379310342,-24.092349790536584,0.0
49500.0,14.655172413793105,-24.38108741760451,0.0
50000.0,13.793103448275868,-24.669825044672432,0.0
50500.0,12.93103448275862,-24.958562671740356,0.0
51000.0,12.06896551724138,-25.24730029880828,0.0
51500.0,11.206896551724132,-25.536037925876208,0.0
52000.0,10.344827586206895,-25.824775552944132,0.0
52500.0,9.482758620689658,-26.113513180012056,0.0
53000.0,8.62068965517241,-26.402250807079984,0.0
53500.0,7.758620689655171,-26.69098843414791,0.0
54000.0,6.896551724137934,-26.979726061215832,0.0
54500.0,6.034482758620685,-27.26846368828376,0.0
55000.0,5.1724137931034475,-27.55720131535168,0.0
55500.0,4.31034482758621,-27.845938942419604,0.0
56000.0,3.4482758620689613,-28.13467656948754,0.0
56500.0,2.5862068965517238,-28.42341419655546,0.0
57000.0,1.7241379310344862,-28.712151823623387,0.0
57500.0,0.8620689655172376,-29.00088945069131,0.0
58000.0,0.0,-29.28962707775924,0.0
